isolate,Subspecies,Type,Subgenus,Pleomorphic,country,continent,Tb927.1.3230_T,Tb927.1.3230_C,Tb927.1.3230_A,Tb927.1.3230_G,Tb927.10.13980_T,Tb927.10.13980_C,Tb927.10.13980_A,Tb927.10.13980_G,Tb927.10.15300_T,Tb927.10.15300_C,Tb927.10.15300_A,Tb927.10.15300_G,Tb927.10.1820_T,Tb927.10.1820_C,Tb927.10.1820_A,Tb927.10.1820_G,Tb927.10.2810_T,Tb927.10.2810_C,Tb927.10.2810_A,Tb927.10.2810_G,Tb927.10.4720_T,Tb927.10.4720_C,Tb927.10.4720_A,Tb927.10.4720_G,Tb927.11.1940_T,Tb927.11.1940_C,Tb927.11.1940_A,Tb927.11.1940_G,Tb927.11.3980_T,Tb927.11.3980_C,Tb927.11.3980_A,Tb927.11.3980_G,Tb927.3.4350_T,Tb927.3.4350_C,Tb927.3.4350_A,Tb927.3.4350_G,Tb927.4.980_T,Tb927.4.980_C,Tb927.4.980_A,Tb927.4.980_G,Tb927.5.1220_T,Tb927.5.1220_C,Tb927.5.1220_A,Tb927.5.1220_G,Tb927.6.1100_T,Tb927.6.1100_C,Tb927.6.1100_A,Tb927.6.1100_G,Tb927.6.2630_T,Tb927.6.2630_C,Tb927.6.2630_A,Tb927.6.2630_G,Tb927.6.3660_T,Tb927.6.3660_C,Tb927.6.3660_A,Tb927.6.3660_G,Tb927.6.5000_T,Tb927.6.5000_C,Tb927.6.5000_A,Tb927.6.5000_G,Tb927.7.6560_T,Tb927.7.6560_C,Tb927.7.6560_A,Tb927.7.6560_G,Tb927.8.3480_T,Tb927.8.3480_C,Tb927.8.3480_A,Tb927.8.3480_G,Tb927.8.3810_T,Tb927.8.3810_C,Tb927.8.3810_A,Tb927.8.3810_G,Tb927.9.10660_T,Tb927.9.10660_C,Tb927.9.10660_A,Tb927.9.10660_G
108AT,T.b. gambiense,T.b.gambiense,Trypanozoon,Y,Democratic Republic of the Congo,1,0.22984,0.25455,0.21166,0.30396,0.26442,0.22917,0.23558,0.27083,0.22877,0.23599,0.25794,0.2773,0.27904,0.20581,0.2399,0.27525,0.21992,0.2357,0.25641,0.28797,0.23426,0.225,0.2463,0.29444,0.23851,0.23348,0.27299,0.25503,0.23191,0.27261,0.24419,0.25129,0.23791,0.22971,0.24396,0.28843,0.25269,0.21864,0.19892,0.32975,0.25532,0.20567,0.28723,0.25177,0.22267,0.23489,0.25662,0.28581,0.25723,0.2344,0.22603,0.28234,0.20773,0.21377,0.28261,0.29589,0.2381,0.18963,0.27466,0.29762,0.21439,0.1909,0.29662,0.29809,0.24287,0.22259,0.24781,0.28673,0.2094,0.25385,0.24103,0.29573,0.26476,0.21333,0.24762,0.27429
108BT,T.b. gambiense,T.b.gambiense,Trypanozoon,Y,Democratic Republic of the Congo,1,0.22984,0.25455,0.21166,0.30396,0.26442,0.22917,0.23558,0.27083,0.22877,0.23599,0.25794,0.2773,0.27904,0.20581,0.2399,0.27525,0.21992,0.2357,0.25641,0.28797,0.23426,0.225,0.2463,0.29444,0.23851,0.23348,0.27299,0.25503,0.23191,0.27261,0.24419,0.25129,0.23791,0.22971,0.24396,0.28843,0.25269,0.21864,0.19892,0.32975,0.25532,0.20567,0.28723,0.25177,0.22267,0.23489,0.25662,0.28581,0.25723,0.2344,0.22603,0.28234,0.20773,0.21377,0.28261,0.29589,0.2381,0.18963,0.27466,0.29762,0.21439,0.1909,0.29662,0.29809,0.24287,0.22259,0.24781,0.28673,0.2094,0.25385,0.24103,0.29573,0.26476,0.21333,0.24762,0.27429
15BT-relapse,T.b. gambiense,T.b.gambiense,Trypanozoon,Y,Democratic Republic of the Congo,1,0.22984,0.25455,0.21166,0.30396,0.26442,0.22917,0.23558,0.27083,0.22877,0.23599,0.25794,0.2773,0.27904,0.20581,0.2399,0.27525,0.21992,0.2357,0.25641,0.28797,0.23426,0.225,0.2463,0.29444,0.23851,0.23348,0.27299,0.25503,0.23191,0.27261,0.24419,0.25129,0.23791,0.22971,0.24396,0.28843,0.25269,0.21864,0.19892,0.32975,0.25532,0.20567,0.28723,0.25177,0.22267,0.23489,0.25662,0.28581,0.25723,0.2344,0.22603,0.28234,0.20773,0.21377,0.28261,0.29589,0.2381,0.18963,0.27466,0.29762,0.21439,0.1909,0.29662,0.29809,0.24287,0.22259,0.24781,0.28673,0.2094,0.25385,0.24103,0.29573,0.26476,0.21333,0.24762,0.27429
280104,T.b.evansi,T. b. evansi type A,Trypanozoon,N,Indonesia,2,0.22987,0.25421,0.21208,0.30384,0.26442,0.22917,0.23558,0.27083,0.22839,0.23591,0.25846,0.27725,0.27904,0.20581,0.23864,0.27652,0.21992,0.2357,0.25641,0.28797,0.23426,0.225,0.24537,0.29537,0.23779,0.23348,0.27443,0.25431,0.23262,0.27225,0.24301,0.25211,0.23773,0.22997,0.24462,0.28768,0.25269,0.21864,0.19892,0.32975,0.25887,0.2039,0.28901,0.24823,0.22222,0.23577,0.25542,0.28659,0.25816,0.23386,0.22627,0.2817,0.20652,0.21498,0.28261,0.29589,0.24003,0.18999,0.27226,0.29771,0.21439,0.1909,0.29662,0.29809,0.24217,0.22241,0.24822,0.2872,0.2094,0.25385,0.24103,0.29573,0.26286,0.21333,0.24952,0.27429
340AT,T.b. gambiense,T.b.gambiense,Trypanozoon,Y,Democratic Republic of the Congo,1,0.22984,0.25455,0.21166,0.30396,0.26442,0.22917,0.23558,0.27083,0.22877,0.23599,0.25794,0.2773,0.27904,0.20581,0.2399,0.27525,0.21992,0.2357,0.25641,0.28797,0.23426,0.225,0.2463,0.29444,0.23851,0.23348,0.27299,0.25503,0.23191,0.27261,0.24419,0.25129,0.23791,0.22971,0.24396,0.28843,0.25269,0.21864,0.19892,0.32975,0.25532,0.20567,0.28723,0.25177,0.22267,0.23489,0.25662,0.28581,0.25723,0.2344,0.22603,0.28234,0.20773,0.21377,0.28261,0.29589,0.2381,0.18963,0.27466,0.29762,0.21439,0.1909,0.29662,0.29809,0.24287,0.22259,0.24781,0.28673,0.2094,0.25385,0.24103,0.29573,0.26476,0.21333,0.24762,0.27429
348BT,T.b. gambiense,T.b.gambiense,Trypanozoon,Y,Democratic Republic of the Congo,1,0.22984,0.25455,0.21166,0.30396,0.26442,0.22917,0.23558,0.27083,0.22877,0.23599,0.25794,0.2773,0.27904,0.20581,0.2399,0.27525,0.21992,0.2357,0.25641,0.28797,0.23426,0.225,0.2463,0.29444,0.23851,0.23348,0.27299,0.25503,0.23191,0.27261,0.24419,0.25129,0.23791,0.22971,0.24396,0.28843,0.25269,0.21864,0.19892,0.32975,0.25532,0.20567,0.28723,0.25177,0.22267,0.23489,0.25662,0.28581,0.25723,0.2344,0.22603,0.28234,0.20773,0.21377,0.28261,0.29589,0.2381,0.18963,0.27466,0.29762,0.21439,0.1909,0.29662,0.29809,0.24287,0.22259,0.24781,0.28673,0.2094,0.25385,0.24103,0.29573,0.26476,0.21333,0.24762,0.27429
57AT,T.b. gambiense,T.b.gambiense,Trypanozoon,Y,Democratic Republic of the Congo,1,0.22984,0.25455,0.21166,0.30396,0.26442,0.22917,0.23558,0.27083,0.22877,0.23599,0.25794,0.2773,0.27904,0.20581,0.2399,0.27525,0.21992,0.2357,0.25641,0.28797,0.23426,0.225,0.2463,0.29444,0.23851,0.23348,0.27299,0.25503,0.23191,0.27261,0.24419,0.25129,0.23791,0.22971,0.24396,0.28843,0.25269,0.21864,0.19892,0.32975,0.25532,0.20567,0.28723,0.25177,0.22267,0.23489,0.25662,0.28581,0.25723,0.2344,0.22603,0.28234,0.20773,0.21377,0.28261,0.29589,0.2381,0.18963,0.27466,0.29762,0.21439,0.1909,0.29662,0.29809,0.24287,0.22259,0.24781,0.28673,0.2094,0.25385,0.24103,0.29573,0.26476,0.21333,0.24762,0.27429
927,T.b.brucei,T.b.brucei,Trypanozoon,Y,0,NA,0.22887,0.25404,0.21225,0.30484,0.26,0.22833,0.23333,0.27833,0.22977,0.23536,0.25949,0.27538,0.27883,0.20659,0.23828,0.2763,0.22256,0.23679,0.25508,0.28557,0.2339,0.22348,0.24716,0.29545,0.23644,0.23355,0.27549,0.25452,0.23333,0.27059,0.24706,0.24902,0.23772,0.23033,0.24337,0.28857,0.25592,0.21949,0.19581,0.32878,0.25627,0.2043,0.28853,0.2509,0.22292,0.2334,0.25716,0.28651,0.25481,0.2348,0.22787,0.28253,0.20771,0.21517,0.28109,0.29602,0.24416,0.18788,0.27273,0.29524,0.21667,0.19091,0.29242,0.3,0.2449,0.22052,0.2449,0.28968,0.21149,0.25413,0.24021,0.29417,0.26667,0.21176,0.2451,0.27647
940,T.b.equiperdum,T. b. equiperdum type OVI,Trypanozoon,N,Ethiopia,1,0.22876,0.25584,0.21195,0.30345,0.26409,0.22866,0.2351,0.27214,0.2279,0.23686,0.25794,0.2773,0.28137,0.20659,0.23701,0.27503,0.22387,0.23274,0.25247,0.29093,0.23502,0.22472,0.24625,0.29401,0.23707,0.23348,0.27443,0.25503,0.23166,0.27156,0.24646,0.25032,0.23773,0.22997,0.24376,0.28854,0.25157,0.21923,0.19946,0.32974,0.25709,0.2039,0.28901,0.25,0.22087,0.23645,0.25813,0.28455,0.25723,0.23516,0.22831,0.2793,0.20894,0.21256,0.28261,0.29589,0.24027,0.18866,0.2758,0.29526,0.21386,0.18879,0.29351,0.30383,0.24202,0.22002,0.24587,0.29208,0.2094,0.2547,0.23932,0.29658,0.26245,0.21264,0.25096,0.27395
ABBA,T.b. gambiense II,T.b. gambiense II,Trypanozoon,Y,Cote d'Ivoire,1,0.22969,0.25444,0.21102,0.30486,0.26442,0.22917,0.23558,0.27083,0.22928,0.23478,0.25855,0.27739,0.27904,0.20581,0.23864,0.27652,0.21992,0.2357,0.25641,0.28797,0.23519,0.225,0.24444,0.29537,0.23758,0.23254,0.2743,0.25558,0.23127,0.27261,0.24419,0.25194,0.23773,0.22997,0.24462,0.28768,0.25269,0.21864,0.19892,0.32975,0.25709,0.2039,0.28901,0.25,0.22154,0.23654,0.25631,0.28562,0.25765,0.23471,0.2263,0.28135,0.20652,0.21498,0.28261,0.29589,0.24027,0.19036,0.27157,0.2978,0.2128,0.19048,0.29613,0.3006,0.24367,0.22222,0.24862,0.28548,0.2094,0.25385,0.24103,0.29573,0.26476,0.21333,0.24762,0.27429
AGAL-CI-78-TCH312,T.b. brucei,T.b.brucei,Trypanozoon,Y,Cote d'Ivoire,1,0.22955,0.25339,0.21225,0.30482,0.26442,0.22917,0.23558,0.27083,0.22839,0.23591,0.25846,0.27725,0.28117,0.20483,0.23919,0.27481,0.22123,0.23512,0.25694,0.28671,0.23491,0.2247,0.24605,0.29434,0.23789,0.23355,0.27404,0.25452,0.23082,0.27208,0.24565,0.25145,0.23773,0.22997,0.24462,0.28768,0.25269,0.21864,0.19892,0.32975,0.25709,0.2039,0.28901,0.25,0.22358,0.23442,0.25474,0.28726,0.25816,0.23386,0.22627,0.2817,0.20652,0.21498,0.2814,0.2971,0.23942,0.19036,0.27327,0.29695,0.21386,0.19027,0.29646,0.29941,0.24287,0.22259,0.24781,0.28673,0.2094,0.25385,0.24103,0.29573,0.2655,0.21124,0.24612,0.27713
ATCC-30019,T.b.evansi,T. b. evansi type A,Trypanozoon,N,0,NA,0.22987,0.25421,0.21208,0.30384,0.26442,0.22917,0.23558,0.27083,0.22839,0.23591,0.25846,0.27725,0.27904,0.20581,0.23864,0.27652,0.21992,0.2357,0.25641,0.28797,0.23426,0.225,0.24537,0.29537,0.23779,0.23348,0.27443,0.25431,0.23217,0.27302,0.24319,0.25162,0.23773,0.22997,0.24462,0.28768,0.25269,0.21864,0.19892,0.32975,0.25887,0.2039,0.28901,0.24823,0.22222,0.23577,0.25542,0.28659,0.25723,0.2344,0.22679,0.28158,0.20652,0.21498,0.28261,0.29589,0.24003,0.18999,0.27226,0.29771,0.21439,0.1909,0.29662,0.29809,0.24217,0.22241,0.24822,0.2872,0.2094,0.25385,0.24103,0.29573,0.26286,0.21333,0.24952,0.27429
ATCC-30023,T.b.evansi,T. b. evansi type A,Trypanozoon,N,0,NA,0.22987,0.25421,0.21208,0.30384,0.26442,0.22917,0.23558,0.27083,0.22839,0.23591,0.25846,0.27725,0.27904,0.20581,0.23864,0.27652,0.21992,0.2357,0.25641,0.28797,0.23426,0.225,0.24537,0.29537,0.23779,0.23348,0.27443,0.25431,0.23217,0.27302,0.24319,0.25162,0.23773,0.22997,0.24462,0.28768,0.25269,0.21864,0.19892,0.32975,0.25887,0.2039,0.28901,0.24823,0.22222,0.23577,0.25542,0.28659,0.25723,0.2344,0.22679,0.28158,0.20652,0.21498,0.28261,0.29589,0.24003,0.18999,0.27226,0.29771,0.21439,0.1909,0.29662,0.29809,0.24217,0.22241,0.24822,0.2872,0.2094,0.25385,0.24103,0.29573,0.26286,0.21333,0.24952,0.27429
ATCC30019,T.b.evansi,T. b. evansi type A,Trypanozoon,N,0,NA,0.22987,0.25421,0.21208,0.30384,0.26442,0.22917,0.23558,0.27083,0.22839,0.23591,0.25846,0.27725,0.27904,0.20581,0.23864,0.27652,0.21992,0.2357,0.25641,0.28797,0.23426,0.225,0.24537,0.29537,0.23779,0.23348,0.27443,0.25431,0.23217,0.27302,0.24319,0.25162,0.23773,0.22997,0.24462,0.28768,0.25269,0.21864,0.19892,0.32975,0.25887,0.2039,0.28901,0.24823,0.22222,0.23577,0.25542,0.28659,0.25723,0.2344,0.22679,0.28158,0.20652,0.21498,0.28261,0.29589,0.24003,0.18999,0.27226,0.29771,0.21439,0.1909,0.29662,0.29809,0.24217,0.22241,0.24822,0.2872,0.2094,0.25385,0.24103,0.29573,0.26286,0.21333,0.24952,0.27429
Alfort,T.b.evansi,T. b. evansi type A,Trypanozoon,N,0,NA,0.22987,0.25421,0.21208,0.30384,0.26442,0.22917,0.23558,0.27083,0.22839,0.23591,0.25846,0.27725,0.27904,0.20581,0.23864,0.27652,0.21992,0.2357,0.25641,0.28797,0.23426,0.225,0.24537,0.29537,0.2383,0.23398,0.2743,0.25342,0.23217,0.27302,0.24319,0.25162,0.23717,0.23027,0.24493,0.28762,0.25337,0.21833,0.19946,0.32884,0.26025,0.20143,0.28877,0.24955,0.22222,0.23577,0.25542,0.28659,0.25723,0.2344,0.22679,0.28158,0.20652,0.21498,0.28261,0.29589,0.24003,0.18999,0.27226,0.29771,0.21439,0.1909,0.29662,0.29809,0.24217,0.22241,0.24822,0.2872,0.2094,0.25385,0.24103,0.29573,0.26286,0.21333,0.24952,0.27429
American-Strain,T.b.evansi,T. b. evansi type A,Trypanozoon,N,0,NA,0.22987,0.25421,0.21208,0.30384,0.26442,0.22917,0.23558,0.27083,0.22839,0.23591,0.25846,0.27725,0.27904,0.20581,0.23864,0.27652,0.21992,0.2357,0.25641,0.28797,0.23426,0.225,0.24537,0.29537,0.23779,0.23348,0.27443,0.25431,0.23217,0.27302,0.24319,0.25162,0.23773,0.22997,0.24462,0.28768,0.25269,0.21864,0.19892,0.32975,0.25887,0.2039,0.28901,0.24823,0.22222,0.23577,0.25542,0.28659,0.25723,0.2344,0.22679,0.28158,0.20652,0.21498,0.28261,0.29589,0.24003,0.18999,0.27226,0.29771,0.21439,0.1909,0.29662,0.29809,0.24217,0.22241,0.24822,0.2872,0.2094,0.25385,0.24103,0.29573,0.26286,0.21333,0.24952,0.27429
AnTat-12-1S,T.b. rhodesiense,T.b.rhodesiense,Trypanozoon,Y,Rwanda,1,0.22969,0.25397,0.21102,0.30532,0.26442,0.22756,0.23718,0.27083,0.22897,0.23562,0.25788,0.27754,0.27904,0.20581,0.23864,0.27652,0.22189,0.23471,0.25641,0.28698,0.23426,0.225,0.24352,0.29722,0.23635,0.2342,0.27443,0.25503,0.23146,0.27273,0.24565,0.25016,0.23674,0.23027,0.24493,0.28806,0.25453,0.2192,0.19746,0.3288,0.25668,0.20499,0.28877,0.24955,0.222,0.23422,0.26001,0.28377,0.2574,0.23462,0.22779,0.28018,0.20531,0.21618,0.2814,0.2971,0.24003,0.18914,0.27481,0.29601,0.21439,0.1909,0.29515,0.29956,0.24503,0.2213,0.24614,0.28753,0.2094,0.2547,0.23846,0.29744,0.26054,0.21648,0.24904,0.27395
AnTat-3-1,T.b.evansi,T. b. evansi type A,Trypanozoon,N,0,NA,0.22987,0.25421,0.21208,0.30384,0.26442,0.22917,0.23558,0.27083,0.22839,0.23591,0.25846,0.27725,0.27904,0.20581,0.23864,0.27652,0.21992,0.2357,0.25641,0.28797,0.23426,0.225,0.24537,0.29537,0.2383,0.23398,0.2743,0.25342,0.23217,0.27302,0.24319,0.25162,0.23717,0.23027,0.24493,0.28762,0.25269,0.21864,0.19892,0.32975,0.26025,0.20143,0.28877,0.24955,0.22222,0.23577,0.25542,0.28659,0.25723,0.2344,0.22679,0.28158,0.20652,0.21498,0.28261,0.29589,0.24003,0.18999,0.27226,0.29771,0.21439,0.1909,0.29662,0.29809,0.24217,0.22241,0.24822,0.2872,0.2094,0.25385,0.24103,0.29573,0.26286,0.21333,0.24952,0.27429
AnTat-3-3,T.b.evansi,T. b. evansi type A,Trypanozoon,N,0,NA,0.22987,0.25421,0.21208,0.30384,0.26442,0.22917,0.23558,0.27083,0.22839,0.23591,0.25846,0.27725,0.27904,0.20581,0.23864,0.27652,0.21992,0.2357,0.25641,0.28797,0.23426,0.225,0.24537,0.29537,0.2383,0.23398,0.2743,0.25342,0.23217,0.27302,0.24319,0.25162,0.23717,0.23027,0.24493,0.28762,0.25269,0.21864,0.19892,0.32975,0.26025,0.20143,0.28877,0.24955,0.22222,0.23577,0.25542,0.28659,0.25723,0.2344,0.22679,0.28158,0.20652,0.21498,0.28261,0.29589,0.24003,0.18999,0.27226,0.29771,0.21439,0.1909,0.29662,0.29809,0.24217,0.22241,0.24822,0.2872,0.2094,0.25385,0.24103,0.29573,0.26286,0.21333,0.24952,0.27429
BIM-AnTat-8-1-P8,T.b. gambiense,T.b.gambiense,Trypanozoon,Y,Cameroon,1,0.22984,0.25455,0.21166,0.30396,0.26442,0.22917,0.23558,0.27083,0.22899,0.23594,0.25855,0.27652,0.27904,0.20581,0.2399,0.27525,0.21992,0.2357,0.25641,0.28797,0.23426,0.225,0.2463,0.29444,0.23851,0.23348,0.27299,0.25503,0.23191,0.27261,0.24419,0.25129,0.23791,0.22971,0.24396,0.28843,0.25269,0.21864,0.19892,0.32975,0.25532,0.20567,0.28723,0.25177,0.22267,0.23489,0.25662,0.28581,0.25723,0.2344,0.22603,0.28234,0.20773,0.21377,0.28261,0.29589,0.2387,0.18926,0.27451,0.29753,0.21439,0.1909,0.29662,0.29809,0.24287,0.22259,0.24781,0.28673,0.2094,0.25385,0.24103,0.29573,0.26476,0.21333,0.24762,0.27429
BoTat-1-1,T.b.equiperdum,T. b. equiperdum type BoTat,Trypanozoon,N,Morocco,1,0.22876,0.2563,0.21195,0.30299,0.26282,0.22917,0.23558,0.27244,0.22761,0.23686,0.25794,0.27759,0.2803,0.20581,0.23737,0.27652,0.22387,0.23176,0.25247,0.29191,0.23704,0.22315,0.2463,0.29352,0.23686,0.23326,0.27502,0.25486,0.23102,0.2722,0.24646,0.25032,0.23773,0.22954,0.24419,0.28854,0.25337,0.21923,0.19856,0.32884,0.25806,0.19892,0.29211,0.2509,0.22087,0.23645,0.25881,0.28388,0.25664,0.23538,0.22779,0.28018,0.20833,0.21201,0.28186,0.29779,0.2381,0.18963,0.27721,0.29507,0.21292,0.18943,0.29222,0.30543,0.24397,0.22094,0.24781,0.28728,0.2094,0.2547,0.23932,0.29658,0.26286,0.21333,0.25143,0.27238
Bosendja,T.b. gambiense,T.b.gambiense,Trypanozoon,Y,Democratic Republic of the Congo,1,0.22984,0.25455,0.21166,0.30396,0.26442,0.22917,0.23558,0.27083,0.22899,0.23594,0.25855,0.27652,0.27904,0.20581,0.2399,0.27525,0.21992,0.2357,0.25641,0.28797,0.23426,0.225,0.2463,0.29444,0.23851,0.23348,0.27299,0.25503,0.23127,0.27326,0.24548,0.25,0.23791,0.22971,0.24396,0.28843,0.25269,0.21864,0.19892,0.32975,0.25532,0.20567,0.28723,0.25177,0.22267,0.23489,0.25662,0.28581,0.25723,0.2344,0.22603,0.28234,0.20773,0.21377,0.28261,0.29589,0.2381,0.18963,0.27466,0.29762,0.21439,0.1909,0.29662,0.29809,0.24287,0.22259,0.24781,0.28673,0.2094,0.25385,0.24103,0.29573,0.26476,0.21333,0.24762,0.27429
Canadian-Strain,T.b.evansi,T. b. evansi type A,Trypanozoon,N,0,NA,0.22987,0.25421,0.21208,0.30384,0.26442,0.22917,0.23558,0.27083,0.22839,0.23591,0.25846,0.27725,0.27904,0.20581,0.23864,0.27652,0.21992,0.2357,0.25641,0.28797,0.23426,0.225,0.24537,0.29537,0.2383,0.23398,0.2743,0.25342,0.23217,0.27302,0.24319,0.25162,0.23773,0.22997,0.24462,0.28768,0.25269,0.21864,0.19892,0.32975,0.25887,0.2039,0.28901,0.24823,0.22222,0.23577,0.25542,0.28659,0.25816,0.23386,0.22627,0.2817,0.20652,0.21498,0.28261,0.29589,0.24003,0.18999,0.27226,0.29771,0.21439,0.1909,0.29662,0.29809,0.24232,0.22259,0.24781,0.28728,0.2094,0.25385,0.24103,0.29573,0.26286,0.21333,0.24952,0.27429
Colombia,T.b.evansi,T. b. evansi type A,Trypanozoon,N,Colombia,3,0.22987,0.25421,0.21208,0.30384,0.26442,0.22917,0.23558,0.27083,0.22839,0.23591,0.25846,0.27725,0.27904,0.20581,0.23864,0.27652,0.21992,0.2357,0.25641,0.28797,0.23426,0.225,0.24537,0.29537,0.2383,0.23398,0.2743,0.25342,0.23217,0.27302,0.24319,0.25162,0.23717,0.23027,0.24493,0.28762,0.25269,0.21864,0.19892,0.32975,0.26025,0.20143,0.28877,0.24955,0.22222,0.23577,0.25542,0.28659,0.25723,0.2344,0.22679,0.28158,0.20652,0.21498,0.28261,0.29589,0.24003,0.18999,0.27226,0.29771,0.21439,0.1909,0.29662,0.29809,0.24217,0.22241,0.24822,0.2872,0.2094,0.25385,0.24103,0.29573,0.26286,0.21333,0.24952,0.27429
Dodola_943,T.b.equiperdum,T. b. equiperdum type OVI,Trypanozoon,N,Ethiopia,1,0.22876,0.25584,0.21195,0.30345,0.26409,0.22866,0.2351,0.27214,0.22781,0.23677,0.25817,0.27725,0.28137,0.20659,0.23701,0.27503,0.22387,0.23274,0.25247,0.29093,0.23502,0.22472,0.24625,0.29401,0.23707,0.23348,0.27443,0.25503,0.23166,0.27156,0.24646,0.25032,0.23773,0.22997,0.24376,0.28854,0.25157,0.21923,0.19946,0.32974,0.25709,0.2039,0.28901,0.25,0.22087,0.23645,0.25813,0.28455,0.25723,0.23516,0.22831,0.2793,0.20894,0.21256,0.28261,0.29589,0.24027,0.18866,0.2758,0.29526,0.21386,0.18879,0.29351,0.30383,0.24202,0.22002,0.24587,0.29208,0.2094,0.2547,0.23932,0.29658,0.26245,0.21264,0.25096,0.27395
E28,T.b.equiperdum,T. b. equiperdum type BoTat,Trypanozoon,N,Italy,4,0.22876,0.2563,0.21195,0.30299,0.26282,0.22917,0.23558,0.27244,0.22761,0.23686,0.25794,0.27759,0.2803,0.20581,0.23737,0.27652,0.22387,0.23176,0.25247,0.29191,0.23704,0.22315,0.2463,0.29352,0.23686,0.23326,0.27502,0.25486,0.23102,0.2722,0.24646,0.25032,0.23773,0.22954,0.24419,0.28854,0.25337,0.21923,0.19856,0.32884,0.25806,0.19892,0.29211,0.2509,0.22087,0.23645,0.25881,0.28388,0.25664,0.23538,0.22779,0.28018,0.20833,0.21201,0.28186,0.29779,0.2381,0.18963,0.27721,0.29507,0.21292,0.18943,0.29222,0.30543,0.24397,0.22094,0.24781,0.28728,0.2094,0.2547,0.23932,0.29658,0.26286,0.21333,0.25143,0.27238
EATRO2340,T.b.rhodesiense,T.b.rhodesiense,Trypanozoon,Y,0,NA,0.22925,0.25363,0.21191,0.3052,0.26437,0.22496,0.23645,0.27422,0.22908,0.23574,0.25804,0.27715,0.27904,0.20581,0.23864,0.27652,0.2209,0.23483,0.25572,0.28856,0.23519,0.225,0.24537,0.29444,0.23644,0.23355,0.27549,0.25452,0.23262,0.2729,0.24366,0.25081,0.23748,0.23014,0.24396,0.28843,0.25474,0.21861,0.19603,0.33062,0.25709,0.2039,0.28901,0.25,0.22176,0.23493,0.25641,0.2869,0.25694,0.23611,0.22685,0.28009,0.20681,0.21411,0.28224,0.29684,0.24188,0.18974,0.2735,0.29487,0.21439,0.1909,0.29662,0.29809,0.2443,0.21981,0.2493,0.28659,0.21181,0.25434,0.23958,0.29427,0.26476,0.21333,0.24762,0.27429
EATRO3,T.b.rhodesiense,T.b.rhodesiense,Trypanozoon,Y,0,NA,0.22925,0.25363,0.21191,0.3052,0.26437,0.22496,0.23645,0.27422,0.22908,0.23574,0.25804,0.27715,0.27904,0.20581,0.23864,0.27652,0.2209,0.23483,0.25572,0.28856,0.23491,0.2247,0.24605,0.29434,0.23644,0.23355,0.27549,0.25452,0.23262,0.2729,0.24366,0.25081,0.23748,0.23014,0.24396,0.28843,0.25474,0.21861,0.19603,0.33062,0.25709,0.2039,0.28901,0.25,0.22176,0.23493,0.25641,0.2869,0.25694,0.23611,0.22685,0.28009,0.20681,0.21411,0.28224,0.29684,0.24188,0.18974,0.2735,0.29487,0.21439,0.1909,0.29662,0.29809,0.2443,0.21981,0.2493,0.28659,0.21181,0.25434,0.23958,0.29427,0.26476,0.21333,0.24762,0.27429
FEO,T.b. gambiense II,T.b. gambiense II,Trypanozoon,Y,Togo,1,0.22984,0.25408,0.21119,0.3049,0.26437,0.22496,0.23645,0.27422,0.22906,0.2357,0.25765,0.27759,0.27904,0.20581,0.23864,0.27652,0.22222,0.23512,0.25496,0.2877,0.23229,0.2238,0.2474,0.29651,0.23644,0.23355,0.27549,0.25452,0.23217,0.27237,0.24514,0.25032,0.2373,0.22997,0.24462,0.28811,0.25474,0.21861,0.19603,0.33062,0.25709,0.2039,0.28901,0.25,0.22176,0.23493,0.25641,0.2869,0.25694,0.23611,0.22685,0.28009,0.20681,0.21411,0.28224,0.29684,0.24188,0.18974,0.2735,0.29487,0.21439,0.1909,0.29662,0.29809,0.24367,0.22222,0.24862,0.28548,0.20823,0.25364,0.24165,0.29649,0.2659,0.21387,0.2447,0.27553
FEO-AnTat-16-1,T.b. gambiense II,T.b. gambiense II,Trypanozoon,Y,Togo,1,0.22984,0.25408,0.21119,0.3049,0.26437,0.22496,0.23645,0.27422,0.22906,0.2357,0.25765,0.27759,0.27904,0.20581,0.23864,0.27652,0.22222,0.23512,0.25496,0.2877,0.23229,0.2238,0.2474,0.29651,0.23644,0.23355,0.27549,0.25452,0.23217,0.27237,0.24514,0.25032,0.2373,0.22997,0.24462,0.28811,0.25474,0.21861,0.19603,0.33062,0.25709,0.2039,0.28901,0.25,0.22176,0.23493,0.25641,0.2869,0.25694,0.23611,0.22685,0.28009,0.20681,0.21411,0.28224,0.29684,0.24188,0.18974,0.2735,0.29487,0.21439,0.1909,0.29662,0.29809,0.24367,0.22222,0.24862,0.28548,0.20823,0.25364,0.24165,0.29649,0.2659,0.21387,0.2447,0.27553
GMOM-ZM-83-TRPZ-317,T.b. brucei,T.b.brucei,Trypanozoon,Y,Zambia,1,0.22852,0.25543,0.21199,0.30406,0.2598,0.23203,0.23529,0.27288,0.22887,0.23562,0.25851,0.277,0.27928,0.20592,0.2381,0.27671,0.22391,0.23607,0.25431,0.28571,0.23485,0.22633,0.24716,0.29167,0.23665,0.23304,0.27561,0.25469,0.23172,0.27184,0.24725,0.24919,0.2376,0.22984,0.24407,0.28849,0.25501,0.2204,0.19672,0.32787,0.25448,0.20609,0.29032,0.2491,0.22268,0.23224,0.26025,0.28484,0.25629,0.23417,0.22883,0.2807,0.20466,0.21201,0.28309,0.30025,0.24017,0.18889,0.2735,0.29744,0.21471,0.19069,0.29429,0.3003,0.24887,0.22109,0.24093,0.28912,0.20994,0.25536,0.23907,0.29563,0.26511,0.21637,0.24951,0.26901
GPAP-CI-82-KP10-29,T.b. brucei,T.b.brucei,Trypanozoon,Y,Cote d'Ivoire,1,0.22958,0.25352,0.21174,0.30516,0.26442,0.22917,0.23558,0.27083,0.22899,0.23565,0.25855,0.27681,0.28117,0.20483,0.23919,0.27481,0.22123,0.23512,0.25694,0.28671,0.23529,0.22596,0.2437,0.29505,0.23789,0.23355,0.27404,0.25452,0.23107,0.27314,0.24466,0.25113,0.2376,0.22984,0.2445,0.28806,0.25269,0.21864,0.19892,0.32975,0.25766,0.2,0.28829,0.25405,0.22154,0.23594,0.25652,0.28601,0.25943,0.23634,0.22556,0.27868,0.20803,0.21411,0.28224,0.29562,0.23956,0.19182,0.2728,0.29582,0.21333,0.19111,0.29481,0.30074,0.24257,0.22222,0.24807,0.28713,0.2094,0.25385,0.24103,0.29573,0.2655,0.21705,0.24612,0.27132
HAMBURG,T.b.evansi,T. b. evansi type A,Trypanozoon,N,0,NA,0.22987,0.25421,0.21208,0.30384,0.26442,0.22917,0.23558,0.27083,0.22839,0.23591,0.25846,0.27725,0.27904,0.20581,0.23864,0.27652,0.21992,0.2357,0.25641,0.28797,0.23426,0.225,0.24537,0.29537,0.2383,0.23398,0.2743,0.25342,0.23217,0.27302,0.24319,0.25162,0.23717,0.23027,0.24493,0.28762,0.25337,0.21833,0.19946,0.32884,0.26025,0.20143,0.28877,0.24955,0.22222,0.23577,0.25542,0.28659,0.25723,0.2344,0.22679,0.28158,0.20652,0.21498,0.28261,0.29589,0.24003,0.18999,0.27226,0.29771,0.21439,0.1909,0.29662,0.29809,0.24217,0.22241,0.24822,0.2872,0.2094,0.25385,0.24103,0.29573,0.26286,0.21333,0.24952,0.27429
IVMt1,T.b.evansi,T. b. evansi type C,Trypanozoon,N,Mongolia,2,0.23016,0.25444,0.21102,0.30439,0.26699,0.22654,0.23786,0.26861,0.22868,0.23591,0.25788,0.27754,0.27757,0.20406,0.23954,0.27883,0.21992,0.2357,0.2574,0.28698,0.23426,0.22407,0.24537,0.2963,0.23758,0.23398,0.27358,0.25486,0.23107,0.27184,0.24725,0.24984,0.23773,0.22911,0.24462,0.28854,0.25269,0.21864,0.19892,0.32975,0.25709,0.2039,0.28901,0.25,0.22335,0.23422,0.25662,0.28581,0.25688,0.23471,0.22706,0.28135,0.20727,0.21455,0.28364,0.29455,0.24027,0.19036,0.27242,0.29695,0.21534,0.18879,0.29646,0.29941,0.24157,0.22278,0.24986,0.28579,0.2094,0.25385,0.24103,0.29573,0.26245,0.21456,0.25096,0.27203
Jua,T.b. gambiense,T.b.gambiense,Trypanozoon,Y,Cameroon,1,0.22984,0.25455,0.21166,0.30396,0.26442,0.22917,0.23558,0.27083,0.22877,0.23599,0.25794,0.2773,0.27904,0.20581,0.2399,0.27525,0.21992,0.2357,0.25641,0.28797,0.23426,0.225,0.2463,0.29444,0.23851,0.23348,0.27299,0.25503,0.23191,0.27261,0.24419,0.25129,0.23791,0.22971,0.24396,0.28843,0.25269,0.21864,0.19892,0.32975,0.25532,0.20567,0.28723,0.25177,0.22267,0.23489,0.25662,0.28581,0.25723,0.2344,0.22603,0.28234,0.20773,0.21377,0.28261,0.29589,0.2381,0.18963,0.27466,0.29762,0.21439,0.1909,0.29662,0.29809,0.24287,0.22259,0.24781,0.28673,0.2094,0.25385,0.24103,0.29573,0.26476,0.21333,0.24762,0.27429
Kazakstan,T.b.evansi,T. b. evansi type A,Trypanozoon,N,Kazachstan,2,0.22987,0.25421,0.21208,0.30384,0.26442,0.22917,0.23558,0.27083,0.22839,0.23591,0.25846,0.27725,0.27904,0.20581,0.23864,0.27652,0.21992,0.2357,0.25641,0.28797,0.23426,0.225,0.24537,0.29537,0.23779,0.23348,0.27443,0.25431,0.23262,0.27225,0.24301,0.25211,0.23773,0.22997,0.24462,0.28768,0.25269,0.21864,0.19892,0.32975,0.25887,0.2039,0.28901,0.24823,0.22222,0.23577,0.25542,0.28659,0.25816,0.23386,0.22627,0.2817,0.20652,0.21498,0.28261,0.29589,0.24003,0.18999,0.27226,0.29771,0.21439,0.1909,0.29662,0.29809,0.24217,0.22241,0.24822,0.2872,0.2094,0.25385,0.24103,0.29573,0.26286,0.21333,0.24952,0.27429
Kenya,T.b.evansi,T. b. evansi type A,Trypanozoon,N,Kenya,1,0.22987,0.25421,0.21208,0.30384,0.26442,0.22917,0.23558,0.27083,0.22839,0.23591,0.25846,0.27725,0.27904,0.20581,0.23864,0.27652,0.21992,0.2357,0.25641,0.28797,0.23426,0.225,0.24537,0.29537,0.2383,0.23398,0.2743,0.25342,0.23217,0.27302,0.24319,0.25162,0.23773,0.22997,0.24462,0.28768,0.25269,0.21864,0.19892,0.32975,0.25887,0.2039,0.28901,0.24823,0.22222,0.23577,0.25542,0.28659,0.25816,0.23386,0.22627,0.2817,0.20727,0.21333,0.28364,0.29576,0.24027,0.19036,0.27157,0.2978,0.21439,0.1909,0.29662,0.29809,0.24217,0.22241,0.24822,0.2872,0.2094,0.25385,0.24103,0.29573,0.26286,0.21333,0.24952,0.27429
LIGO,T.b. gambiense II,T.b. gambiense II,Trypanozoon,Y,Cote d'Ivoire,1,0.22969,0.25444,0.21102,0.30486,0.26442,0.22917,0.23558,0.27083,0.22928,0.23478,0.25855,0.27739,0.27904,0.20581,0.23864,0.27652,0.21992,0.2357,0.25641,0.28797,0.23519,0.225,0.24444,0.29537,0.23758,0.23254,0.2743,0.25558,0.23127,0.27261,0.24419,0.25194,0.23773,0.22997,0.24462,0.28768,0.25269,0.21864,0.19892,0.32975,0.25709,0.2039,0.28901,0.25,0.22154,0.23654,0.25631,0.28562,0.25765,0.23471,0.2263,0.28135,0.20652,0.21498,0.28261,0.29589,0.24027,0.19036,0.27157,0.2978,0.2128,0.19048,0.29613,0.3006,0.24367,0.22222,0.24862,0.28548,0.2094,0.25385,0.24103,0.29573,0.26476,0.21333,0.24762,0.27429
LOGRA,T.b. gambiense,T.b.gambiense,Trypanozoon,Y,Democratic Republic of the Congo,1,0.22984,0.25455,0.21166,0.30396,0.26442,0.22917,0.23558,0.27083,0.22899,0.23594,0.25855,0.27652,0.27904,0.20581,0.2399,0.27525,0.21992,0.2357,0.25641,0.28797,0.23426,0.225,0.2463,0.29444,0.23851,0.23348,0.27299,0.25503,0.23191,0.27261,0.24419,0.25129,0.23791,0.22971,0.24396,0.28843,0.25269,0.21864,0.19892,0.32975,0.25532,0.20567,0.28723,0.25177,0.22267,0.23489,0.25662,0.28581,0.25723,0.2344,0.22603,0.28234,0.20773,0.21377,0.28261,0.29589,0.2381,0.18963,0.27466,0.29762,0.21439,0.1909,0.29662,0.29809,0.24287,0.22259,0.24781,0.28673,0.2094,0.25385,0.24103,0.29573,0.26476,0.21333,0.24762,0.27429
LiTat-1-5-P9,T.b. gambiense,T.b.gambiense,Trypanozoon,Y,Cote d'Ivoire,1,0.22984,0.25455,0.21166,0.30396,0.26442,0.22917,0.23558,0.27083,0.22899,0.23594,0.25855,0.27652,0.27904,0.20581,0.2399,0.27525,0.21992,0.2357,0.25641,0.28797,0.23426,0.225,0.2463,0.29444,0.23851,0.23348,0.27299,0.25503,0.23191,0.27261,0.24419,0.25129,0.23717,0.22941,0.24493,0.28849,0.25269,0.21864,0.19892,0.32975,0.25532,0.20567,0.28723,0.25177,0.22267,0.23489,0.25662,0.28581,0.25723,0.2344,0.22603,0.28234,0.20773,0.21377,0.28261,0.29589,0.2381,0.18963,0.27466,0.29762,0.21439,0.1909,0.29662,0.29809,0.24287,0.22259,0.24781,0.28673,0.2094,0.25385,0.24103,0.29573,0.26476,0.21333,0.24762,0.27429
MBA,T.b. gambiense,T.b.gambiense,Trypanozoon,Y,Democratic Republic of the Congo,1,0.22984,0.25455,0.21166,0.30396,0.26442,0.22917,0.23558,0.27083,0.22899,0.23594,0.25855,0.27652,0.27904,0.20581,0.2399,0.27525,0.21992,0.2357,0.25641,0.28797,0.23426,0.225,0.2463,0.29444,0.23851,0.23348,0.27299,0.25503,0.23191,0.27261,0.24419,0.25129,0.23791,0.22971,0.24396,0.28843,0.25269,0.21864,0.19892,0.32975,0.25532,0.20567,0.28723,0.25177,0.22267,0.23489,0.25662,0.28581,0.25723,0.2344,0.22603,0.28234,0.20773,0.21377,0.28261,0.29589,0.2381,0.18963,0.27466,0.29762,0.21439,0.1909,0.29662,0.29809,0.24287,0.22259,0.24781,0.28673,0.2094,0.25385,0.24103,0.29573,0.26476,0.21333,0.24762,0.27429
MBO-NG-74-R10,T.b. brucei,T.b.brucei,Trypanozoon,Y,Nigeria,1,0.22923,0.25444,0.21195,0.30439,0.26442,0.22917,0.23558,0.27083,0.22877,0.23599,0.25765,0.27759,0.27904,0.20581,0.2399,0.27525,0.22189,0.23373,0.25641,0.28797,0.23519,0.22407,0.24537,0.29537,0.23779,0.23348,0.27299,0.25575,0.23146,0.27208,0.24629,0.25016,0.23717,0.22941,0.24493,0.28849,0.25269,0.21864,0.19892,0.32975,0.25709,0.2039,0.28901,0.25,0.22222,0.23577,0.25542,0.28659,0.25917,0.23471,0.2263,0.27982,0.20803,0.21411,0.28345,0.2944,0.24003,0.18999,0.27396,0.29601,0.21439,0.18943,0.29809,0.29809,0.24367,0.22222,0.24752,0.28658,0.2094,0.25385,0.24103,0.29573,0.26286,0.21333,0.24952,0.27429
MBOT-GM-77-GB2,T.b. brucei,T.b.brucei,Trypanozoon,Y,The Gambia,1,0.22984,0.25408,0.21119,0.3049,0.26442,0.22917,0.23558,0.27083,0.22839,0.23591,0.25846,0.27725,0.2801,0.20532,0.23828,0.2763,0.22189,0.23483,0.25672,0.28657,0.23491,0.2247,0.24605,0.29434,0.2381,0.23232,0.27417,0.25541,0.23127,0.27196,0.24548,0.25129,0.23773,0.22997,0.24462,0.28768,0.25269,0.21864,0.19892,0.32975,0.25709,0.2039,0.28901,0.25,0.22267,0.23557,0.25594,0.28581,0.25994,0.23471,0.2263,0.27905,0.20652,0.21498,0.28261,0.29589,0.24065,0.18963,0.27126,0.29847,0.21429,0.18899,0.29762,0.29911,0.24367,0.22222,0.24862,0.28548,0.2094,0.25385,0.24103,0.29573,0.26286,0.21333,0.24952,0.27429
MCAM-ET-2013-MU-01,T.b.evansi,T. b. evansi type A,Trypanozoon,N,Ethiopia,1,0.22987,0.25421,0.21208,0.30384,0.26442,0.22917,0.23558,0.27083,0.22839,0.23591,0.25846,0.27725,0.27904,0.20581,0.23864,0.27652,0.21992,0.2357,0.25641,0.28797,0.23426,0.225,0.24537,0.29537,0.2383,0.23398,0.2743,0.25342,0.23217,0.27302,0.24319,0.25162,0.23773,0.22997,0.24462,0.28768,0.25269,0.21864,0.19892,0.32975,0.25887,0.2039,0.28901,0.24823,0.22222,0.23577,0.25542,0.28659,0.25816,0.23386,0.22627,0.2817,0.20727,0.21333,0.28364,0.29576,0.24027,0.19036,0.27157,0.2978,0.21439,0.1909,0.29662,0.29809,0.24287,0.22259,0.24781,0.28673,0.2094,0.25385,0.24103,0.29573,0.26286,0.21333,0.24952,0.27429
MCAM-ET-2013-MU-02,T.b.evansi,T. b. evansi type A,Trypanozoon,N,Ethiopia,1,0.22987,0.25421,0.21208,0.30384,0.26442,0.22917,0.23558,0.27083,0.22839,0.23591,0.25846,0.27725,0.27904,0.20581,0.23864,0.27652,0.21992,0.2357,0.25641,0.28797,0.23426,0.225,0.24537,0.29537,0.2383,0.23398,0.2743,0.25342,0.23217,0.27302,0.24319,0.25162,0.23773,0.22997,0.24462,0.28768,0.25269,0.21864,0.19892,0.32975,0.25887,0.2039,0.28901,0.24823,0.22222,0.23577,0.25542,0.28659,0.25816,0.23386,0.22627,0.2817,0.20727,0.21333,0.28364,0.29576,0.24027,0.19036,0.27157,0.2978,0.21439,0.1909,0.29662,0.29809,0.24287,0.22259,0.24781,0.28673,0.2094,0.25385,0.24103,0.29573,0.26286,0.21333,0.24952,0.27429
MCAM-ET-2013-MU-04,T.b.evansi,T. b. evansi type A,Trypanozoon,N,Ethiopia,1,0.22987,0.25421,0.21208,0.30384,0.26442,0.22917,0.23558,0.27083,0.22839,0.23591,0.25846,0.27725,0.27904,0.20581,0.23864,0.27652,0.21992,0.2357,0.25641,0.28797,0.23426,0.225,0.24537,0.29537,0.2383,0.23398,0.2743,0.25342,0.23217,0.27302,0.24319,0.25162,0.23773,0.22997,0.24462,0.28768,0.25269,0.21864,0.19892,0.32975,0.25887,0.2039,0.28901,0.24823,0.22222,0.23577,0.25542,0.28659,0.25816,0.23386,0.22627,0.2817,0.20727,0.21333,0.28364,0.29576,0.24027,0.19036,0.27157,0.2978,0.21439,0.1909,0.29662,0.29809,0.24287,0.22259,0.24781,0.28673,0.2094,0.25385,0.24103,0.29573,0.26286,0.21333,0.24952,0.27429
MCAM-ET-2013-MU-05,T.b.evansi,T. b. evansi type A,Trypanozoon,N,Ethiopia,1,0.22987,0.25421,0.21208,0.30384,0.26442,0.22917,0.23558,0.27083,0.22839,0.23591,0.25846,0.27725,0.27904,0.20581,0.23864,0.27652,0.21992,0.2357,0.25641,0.28797,0.23426,0.225,0.24537,0.29537,0.2383,0.23398,0.2743,0.25342,0.23217,0.27302,0.24319,0.25162,0.23773,0.22997,0.24462,0.28768,0.25269,0.21864,0.19892,0.32975,0.25887,0.2039,0.28901,0.24823,0.22222,0.23577,0.25542,0.28659,0.25816,0.23386,0.22627,0.2817,0.20727,0.21333,0.28364,0.29576,0.24027,0.19036,0.27157,0.2978,0.21439,0.1909,0.29662,0.29809,0.24287,0.22259,0.24781,0.28673,0.2094,0.25385,0.24103,0.29573,0.26286,0.21333,0.24952,0.27429
MCAM-ET-2013-MU-09,T.b.evansi,T. b. evansi type A,Trypanozoon,N,Ethiopia,1,0.22987,0.25421,0.21208,0.30384,0.26442,0.22917,0.23558,0.27083,0.22839,0.23591,0.25846,0.27725,0.27904,0.20581,0.23864,0.27652,0.21992,0.2357,0.25641,0.28797,0.23426,0.225,0.24537,0.29537,0.2383,0.23398,0.2743,0.25342,0.23217,0.27302,0.24319,0.25162,0.23773,0.22997,0.24462,0.28768,0.25269,0.21864,0.19892,0.32975,0.25887,0.2039,0.28901,0.24823,0.22222,0.23577,0.25542,0.28659,0.25816,0.23386,0.22627,0.2817,0.20727,0.21333,0.28364,0.29576,0.24027,0.19036,0.27157,0.2978,0.21439,0.1909,0.29662,0.29809,0.24217,0.22241,0.24822,0.2872,0.2094,0.25385,0.24103,0.29573,0.26286,0.21333,0.24952,0.27429
MCAM-ET-2013-MU-14,T.b.evansi,T. b. evansi type B,Trypanozoon,N,Ethiopia,1,0.23001,0.25339,0.21225,0.30435,0.26442,0.22756,0.23718,0.27083,0.22839,0.23591,0.25788,0.27783,0.27904,0.20581,0.23864,0.27652,0.21958,0.2364,0.25717,0.28684,0.23426,0.22407,0.24537,0.2963,0.23779,0.23348,0.27443,0.25431,0.23166,0.27156,0.24646,0.25032,0.23822,0.22914,0.2447,0.28794,0.25269,0.21864,0.19892,0.32975,0.25709,0.2039,0.28901,0.25,0.22109,0.23469,0.25646,0.28776,0.25994,0.23318,0.2263,0.28058,0.20652,0.21498,0.28261,0.29589,0.24065,0.19133,0.27211,0.29592,0.21439,0.1909,0.29662,0.29809,0.24212,0.22167,0.24931,0.2869,0.2094,0.25385,0.24103,0.29573,0.26782,0.21387,0.2447,0.2736
MCAM-ET-2013-MU-17,T.b.evansi,T. b. evansi type A,Trypanozoon,N,Ethiopia,1,0.22987,0.25421,0.21208,0.30384,0.26442,0.22917,0.23558,0.27083,0.22839,0.23591,0.25846,0.27725,0.27904,0.20581,0.23864,0.27652,0.21992,0.2357,0.25641,0.28797,0.23426,0.225,0.24537,0.29537,0.2383,0.23398,0.2743,0.25342,0.23217,0.27302,0.24319,0.25162,0.23773,0.22997,0.24462,0.28768,0.25269,0.21864,0.19892,0.32975,0.25887,0.2039,0.28901,0.24823,0.22222,0.23577,0.25542,0.28659,0.25816,0.23386,0.22627,0.2817,0.20727,0.21333,0.28364,0.29576,0.24027,0.19036,0.27157,0.2978,0.21439,0.1909,0.29662,0.29809,0.24287,0.22259,0.24781,0.28673,0.2094,0.25385,0.24103,0.29573,0.26286,0.21333,0.24952,0.27429
MCAP-CI-91-BALEA-2,T.b. brucei,T.b.brucei,Trypanozoon,Y,Cote d'Ivoire,1,0.23034,0.25375,0.21161,0.30431,0.26442,0.22917,0.23558,0.27083,0.22859,0.23582,0.25839,0.2772,0.28117,0.20483,0.23919,0.27481,0.22189,0.23483,0.25771,0.28557,0.23502,0.22659,0.24251,0.29588,0.23789,0.23355,0.27404,0.25452,0.23146,0.27273,0.24371,0.2521,0.23822,0.23,0.2447,0.28707,0.25269,0.21864,0.19892,0.32975,0.25709,0.2039,0.28901,0.25,0.2229,0.23586,0.25562,0.28562,0.25816,0.23386,0.22627,0.2817,0.20727,0.21576,0.28121,0.29576,0.24065,0.19133,0.27211,0.29592,0.21439,0.1909,0.29662,0.29809,0.24323,0.22222,0.24876,0.28579,0.2094,0.25385,0.24103,0.29573,0.26357,0.21124,0.24806,0.27713
MHOM-SD-82-BIYAMINA,T.b. rhodesiense,T.b.rhodesiense,Trypanozoon,Y,South Sudan,1,0.23102,0.25271,0.21358,0.30269,0.26437,0.22496,0.23645,0.27422,0.22928,0.23565,0.25826,0.27681,0.27904,0.20581,0.23864,0.27652,0.21992,0.2357,0.25641,0.28797,0.23491,0.2247,0.24605,0.29434,0.23644,0.23355,0.27549,0.25452,0.23262,0.2729,0.24366,0.25081,0.23748,0.23014,0.24396,0.28843,0.25427,0.21833,0.19856,0.32884,0.25046,0.20074,0.2965,0.2523,0.22176,0.23493,0.25641,0.2869,0.25576,0.23502,0.22734,0.28187,0.20466,0.21569,0.28431,0.29534,0.24376,0.18863,0.2739,0.29371,0.21481,0.19259,0.29333,0.29926,0.244,0.22222,0.24846,0.28532,0.21039,0.25368,0.24069,0.29524,0.26389,0.21429,0.24603,0.27579
MHOM-SD-82-MUSIKIA-cloneA,T.b. gambiense,T.b.gambiense,Trypanozoon,Y,South Sudan,1,0.22984,0.25455,0.21166,0.30396,0.26442,0.22917,0.23558,0.27083,0.22899,0.23594,0.25855,0.27652,0.27904,0.20581,0.2399,0.27525,0.21992,0.2357,0.25641,0.28797,0.23426,0.225,0.2463,0.29444,0.23851,0.23348,0.27299,0.25503,0.23172,0.27314,0.24466,0.25049,0.23791,0.22971,0.24396,0.28843,0.25269,0.21864,0.19892,0.32975,0.25532,0.20567,0.28723,0.25177,0.22267,0.23489,0.25662,0.28581,0.25723,0.2344,0.22603,0.28234,0.20773,0.21377,0.28261,0.29589,0.2381,0.18963,0.27466,0.29762,0.21439,0.1909,0.29662,0.29809,0.24287,0.22259,0.24781,0.28673,0.2094,0.25385,0.24103,0.29573,0.26476,0.21333,0.24762,0.27429
MHOM-ZM-80-TRPZ-23,T.b. rhodesiense,T.b.rhodesiense,Trypanozoon,Y,Zambia,1,0.22846,0.25421,0.21161,0.30571,0.26442,0.22756,0.23718,0.27083,0.22848,0.23628,0.25765,0.27759,0.27904,0.20581,0.23864,0.27652,0.21925,0.23413,0.25694,0.28968,0.23464,0.22346,0.24581,0.29609,0.23614,0.2347,0.27502,0.25414,0.23146,0.27208,0.24629,0.25016,0.23748,0.22971,0.24482,0.288,0.25269,0.21953,0.19803,0.32975,0.25668,0.20499,0.28877,0.24955,0.22109,0.23537,0.25986,0.28367,0.25499,0.23502,0.22965,0.28034,0.20531,0.21618,0.28019,0.29831,0.24126,0.18841,0.27366,0.29668,0.21439,0.1909,0.29515,0.29956,0.24327,0.22186,0.24767,0.2872,0.2094,0.2547,0.23846,0.29744,0.26286,0.21524,0.24762,0.27429
MHOM-ZM-83-TRPZ-349,T.b. rhodesiense,T.b.rhodesiense,Trypanozoon,Y,Zambia,1,0.22908,0.25432,0.21131,0.30528,0.26442,0.22756,0.23718,0.27083,0.22964,0.23492,0.25835,0.27709,0.27904,0.20581,0.23864,0.27652,0.22091,0.23471,0.25641,0.28797,0.23426,0.225,0.24537,0.29537,0.23563,0.23491,0.27443,0.25503,0.23172,0.2712,0.24725,0.24984,0.2373,0.22997,0.24462,0.28811,0.25269,0.21953,0.19803,0.32975,0.25847,0.20499,0.28699,0.24955,0.22245,0.23333,0.25986,0.28435,0.2574,0.23462,0.22779,0.28018,0.20606,0.21576,0.27879,0.29939,0.23942,0.19036,0.27411,0.29611,0.21439,0.1909,0.29515,0.29956,0.24433,0.22056,0.24876,0.28635,0.2094,0.2547,0.23846,0.29744,0.26397,0.21387,0.24663,0.27553
MSUS-CI-78-TSW-157,T.b. gambiense II,T.b. gambiense II,Trypanozoon,Y,Cote d'Ivoire,1,0.22969,0.25444,0.21102,0.30486,0.26442,0.22917,0.23558,0.27083,0.22928,0.23478,0.25855,0.27739,0.27904,0.20581,0.23864,0.27652,0.21992,0.2357,0.25641,0.28797,0.23519,0.225,0.24444,0.29537,0.23758,0.23254,0.2743,0.25558,0.23127,0.27261,0.24419,0.25194,0.23773,0.22997,0.24462,0.28768,0.25269,0.21864,0.19892,0.32975,0.25709,0.2039,0.28901,0.25,0.22154,0.23654,0.25631,0.28562,0.25765,0.23471,0.2263,0.28135,0.20652,0.21498,0.28261,0.29589,0.24027,0.19036,0.27157,0.2978,0.2128,0.19048,0.29613,0.3006,0.24367,0.22222,0.24862,0.28548,0.2094,0.25385,0.24103,0.29573,0.26476,0.21333,0.24762,0.27429
MSUS-CI-78-TSW382,T.b. brucei,T.b.brucei,Trypanozoon,Y,Cote d'Ivoire,1,0.22987,0.25328,0.21208,0.30478,0.26442,0.22917,0.23558,0.27083,0.22888,0.23611,0.2581,0.27691,0.28117,0.20483,0.23919,0.27481,0.21992,0.2357,0.25641,0.28797,0.23502,0.22659,0.24345,0.29494,0.23789,0.23355,0.27404,0.25452,0.23127,0.27261,0.24419,0.25194,0.23822,0.23,0.2447,0.28707,0.25269,0.21864,0.19892,0.32975,0.25847,0.20321,0.28699,0.25134,0.22154,0.23594,0.25652,0.28601,0.25943,0.23634,0.22556,0.27868,0.20727,0.21576,0.28121,0.29576,0.23956,0.19182,0.2728,0.29582,0.21386,0.19027,0.29646,0.29941,0.24323,0.22112,0.24931,0.28635,0.2094,0.25385,0.24103,0.29573,0.26706,0.21248,0.24366,0.2768
MSUS-CI-82-TSW62,T.b. brucei,T.b.brucei,Trypanozoon,Y,Cote d'Ivoire,1,0.22987,0.25328,0.21208,0.30478,0.26442,0.22917,0.23558,0.27083,0.22888,0.23611,0.2581,0.27691,0.2801,0.20532,0.24081,0.27376,0.21992,0.2357,0.25641,0.28797,0.23529,0.22596,0.2437,0.29505,0.2383,0.23254,0.27358,0.25558,0.23146,0.27273,0.24371,0.2521,0.23773,0.22997,0.24462,0.28768,0.25269,0.21864,0.19892,0.32975,0.25847,0.20321,0.28699,0.25134,0.22313,0.23401,0.25646,0.28639,0.25824,0.23525,0.22605,0.28046,0.20727,0.21576,0.28121,0.29576,0.23956,0.19182,0.2728,0.29582,0.21386,0.19027,0.29646,0.29941,0.24272,0.22186,0.24822,0.2872,0.2094,0.25385,0.24103,0.29573,0.26437,0.21456,0.24713,0.27395
MSUS-CI-83-TSW-11,T.b. brucei,T.b.brucei,Trypanozoon,Y,Cote d'Ivoire,1,0.22969,0.25444,0.21102,0.30486,0.26442,0.22917,0.23558,0.27083,0.22879,0.23574,0.25833,0.27715,0.2801,0.20532,0.24081,0.27376,0.22123,0.23512,0.25694,0.28671,0.23436,0.22502,0.2437,0.29692,0.23789,0.23355,0.27404,0.25452,0.23107,0.27314,0.24466,0.25113,0.23748,0.23014,0.24396,0.28843,0.25269,0.21864,0.19892,0.32975,0.25766,0.2,0.28829,0.25405,0.22313,0.23401,0.25646,0.28639,0.25723,0.2344,0.22679,0.28158,0.20652,0.21498,0.28261,0.29589,0.2398,0.19048,0.27211,0.29762,0.21439,0.1909,0.29662,0.29809,0.24323,0.22222,0.24876,0.28579,0.2094,0.25385,0.24103,0.29573,0.2655,0.21124,0.24612,0.27713
MU09,T.b.evansi,T. b. evansi type A,Trypanozoon,N,Ethiopia,1,0.22987,0.25421,0.21208,0.30384,0.26442,0.22917,0.23558,0.27083,0.22839,0.23591,0.25846,0.27725,0.27904,0.20581,0.23864,0.27652,0.21992,0.2357,0.25641,0.28797,0.23426,0.225,0.24537,0.29537,0.2383,0.23398,0.2743,0.25342,0.23217,0.27302,0.24319,0.25162,0.23773,0.22997,0.24462,0.28768,0.25269,0.21864,0.19892,0.32975,0.25887,0.2039,0.28901,0.24823,0.22222,0.23577,0.25542,0.28659,0.25816,0.23386,0.22627,0.2817,0.20727,0.21333,0.28364,0.29576,0.24027,0.19036,0.27157,0.2978,0.21439,0.1909,0.29662,0.29809,0.24217,0.22241,0.24822,0.2872,0.2094,0.25385,0.24103,0.29573,0.26286,0.21333,0.24952,0.27429
MU10,T.b.evansi,T. b. evansi type B,Trypanozoon,N,Ethiopia,1,0.23001,0.25339,0.21225,0.30435,0.26442,0.22756,0.23718,0.27083,0.22839,0.23591,0.25788,0.27783,0.27904,0.20581,0.23864,0.27652,0.21958,0.2364,0.25717,0.28684,0.23426,0.22407,0.24537,0.2963,0.23779,0.23348,0.27443,0.25431,0.23166,0.27156,0.24646,0.25032,0.23822,0.22914,0.2447,0.28794,0.25269,0.21864,0.19892,0.32975,0.25709,0.2039,0.28901,0.25,0.22109,0.23469,0.25646,0.28776,0.25994,0.23318,0.2263,0.28058,0.20652,0.21498,0.28261,0.29589,0.24065,0.19133,0.27211,0.29592,0.21439,0.1909,0.29662,0.29809,0.24212,0.22167,0.24931,0.2869,0.2094,0.25385,0.24103,0.29573,0.26782,0.21387,0.2447,0.2736
Merzouga-56,T.b.evansi,T. b. evansi type A,Trypanozoon,N,Morocco,1,0.22972,0.25457,0.21238,0.30333,0.26442,0.22917,0.23558,0.27083,0.22839,0.23591,0.25846,0.27725,0.27904,0.20581,0.23864,0.27652,0.21992,0.2357,0.25641,0.28797,0.23426,0.225,0.24537,0.29537,0.23779,0.23348,0.27371,0.25503,0.23217,0.27302,0.24319,0.25162,0.23717,0.23027,0.24493,0.28762,0.25269,0.21864,0.19892,0.32975,0.26025,0.20143,0.28877,0.24955,0.22222,0.23577,0.25542,0.28659,0.25723,0.2344,0.22679,0.28158,0.20727,0.21576,0.28121,0.29576,0.24003,0.18999,0.27226,0.29771,0.21439,0.1909,0.29662,0.29809,0.24217,0.22241,0.24822,0.2872,0.2094,0.25385,0.24103,0.29573,0.26286,0.21333,0.24952,0.27429
NDMI,T.b. gambiense,T.b.gambiense,Trypanozoon,Y,Republic of Congo,1,0.22984,0.25455,0.21166,0.30396,0.26442,0.22917,0.23558,0.27083,0.22899,0.23594,0.25855,0.27652,0.27904,0.20581,0.2399,0.27525,0.21992,0.2357,0.25641,0.28797,0.23426,0.225,0.2463,0.29444,0.23851,0.23348,0.27299,0.25503,0.23172,0.27314,0.24466,0.25049,0.23791,0.22971,0.24396,0.28843,0.25247,0.21833,0.19946,0.32974,0.25532,0.20567,0.28723,0.25177,0.22267,0.23489,0.25662,0.28581,0.25723,0.2344,0.22603,0.28234,0.20773,0.21377,0.28261,0.29589,0.2381,0.18963,0.27466,0.29762,0.21439,0.1909,0.29662,0.29809,0.24287,0.22259,0.24781,0.28673,0.2094,0.25385,0.24103,0.29573,0.26476,0.21333,0.24762,0.27429
NKOUA,T.b. gambiense,T.b.gambiense,Trypanozoon,Y,Republic of Congo,1,0.22984,0.25455,0.21166,0.30396,0.26442,0.22917,0.23558,0.27083,0.22899,0.23594,0.25855,0.27652,0.27904,0.20581,0.2399,0.27525,0.21992,0.2357,0.25641,0.28797,0.23426,0.225,0.2463,0.29444,0.23851,0.23348,0.27299,0.25503,0.23172,0.27314,0.24466,0.25049,0.23791,0.22971,0.24396,0.28843,0.25247,0.21833,0.19946,0.32974,0.25532,0.20567,0.28723,0.25177,0.22267,0.23489,0.25662,0.28581,0.25723,0.2344,0.22603,0.28234,0.20773,0.21377,0.28261,0.29589,0.2381,0.18963,0.27466,0.29762,0.21439,0.1909,0.29662,0.29809,0.24287,0.22259,0.24781,0.28673,0.2094,0.25385,0.24103,0.29573,0.26476,0.21333,0.24762,0.27429
Nabe,T.b. gambiense,T.b.gambiense,Trypanozoon,Y,Democratic Republic of the Congo,1,0.22984,0.25455,0.21166,0.30396,0.26442,0.22917,0.23558,0.27083,0.22899,0.23594,0.25855,0.27652,0.27904,0.20581,0.2399,0.27525,0.21992,0.2357,0.25641,0.28797,0.23426,0.225,0.2463,0.29444,0.23851,0.23348,0.27299,0.25503,0.23172,0.27314,0.24466,0.25049,0.23791,0.22971,0.24396,0.28843,0.25269,0.21864,0.19892,0.32975,0.25532,0.20567,0.28723,0.25177,0.22267,0.23489,0.25662,0.28581,0.25723,0.2344,0.22603,0.28234,0.20773,0.21377,0.28261,0.29589,0.2381,0.18963,0.27466,0.29762,0.21439,0.1909,0.29662,0.29809,0.24287,0.22259,0.24781,0.28673,0.2094,0.25385,0.24103,0.29573,0.26476,0.21333,0.24762,0.27429
OUSOU,T.b. gambiense,T.b.gambiense,Trypanozoon,Y,Cote d'Ivoire,1,0.22984,0.25455,0.21166,0.30396,0.26442,0.22917,0.23558,0.27083,0.22899,0.23594,0.25855,0.27652,0.27904,0.20581,0.2399,0.27525,0.21992,0.2357,0.25641,0.28797,0.23426,0.225,0.2463,0.29444,0.23851,0.23348,0.27299,0.25503,0.23191,0.27261,0.24419,0.25129,0.2373,0.22997,0.24462,0.28811,0.25269,0.21864,0.19892,0.32975,0.25532,0.20567,0.28723,0.25177,0.22267,0.23489,0.25662,0.28581,0.25723,0.2344,0.22603,0.28234,0.20773,0.21377,0.28261,0.29589,0.2381,0.18963,0.27466,0.29762,0.21439,0.1909,0.29662,0.29809,0.24287,0.22259,0.24781,0.28673,0.2094,0.25385,0.24103,0.29573,0.26476,0.21333,0.24762,0.27429
OVI,T.b.equiperdum,T. b. equiperdum type OVI,Trypanozoon,N,South Africa,1,0.22876,0.25584,0.21195,0.30345,0.26409,0.22866,0.2351,0.27214,0.2279,0.23686,0.25794,0.2773,0.28137,0.20659,0.23701,0.27503,0.22387,0.23274,0.25247,0.29093,0.23502,0.22472,0.24625,0.29401,0.23707,0.23348,0.27443,0.25503,0.23166,0.27156,0.24646,0.25032,0.23773,0.22997,0.24376,0.28854,0.25157,0.21923,0.19946,0.32974,0.25709,0.2039,0.28901,0.25,0.22087,0.23645,0.25813,0.28455,0.25723,0.23516,0.22831,0.2793,0.20894,0.21256,0.28261,0.29589,0.24027,0.18866,0.2758,0.29526,0.21386,0.18879,0.29351,0.30383,0.24202,0.22002,0.24587,0.29208,0.2094,0.2547,0.23932,0.29658,0.26245,0.21264,0.25096,0.27395
Pakwa,T.b. gambiense,T.b.gambiense,Trypanozoon,Y,Democratic Republic of the Congo,1,0.22984,0.25455,0.21166,0.30396,0.26442,0.22917,0.23558,0.27083,0.22899,0.23594,0.25855,0.27652,0.27904,0.20581,0.2399,0.27525,0.21992,0.2357,0.25641,0.28797,0.23426,0.225,0.2463,0.29444,0.23851,0.23348,0.27299,0.25503,0.23172,0.27314,0.24466,0.25049,0.23791,0.22971,0.24396,0.28843,0.25269,0.21864,0.19892,0.32975,0.25532,0.20567,0.28723,0.25177,0.22267,0.23489,0.25662,0.28581,0.25723,0.2344,0.22603,0.28234,0.20773,0.21377,0.28261,0.29589,0.2381,0.18963,0.27466,0.29762,0.21439,0.1909,0.29662,0.29809,0.24287,0.22259,0.24781,0.28673,0.2094,0.25385,0.24103,0.29573,0.26476,0.21333,0.24762,0.27429
Philippines,T.b.evansi,T. b. evansi type A,Trypanozoon,N,The Philippines,2,0.22987,0.25421,0.21208,0.30384,0.26442,0.22917,0.23558,0.27083,0.22839,0.23591,0.25846,0.27725,0.27904,0.20581,0.23864,0.27652,0.21992,0.2357,0.25641,0.28797,0.23426,0.225,0.24537,0.29537,0.23779,0.23348,0.27443,0.25431,0.23217,0.27302,0.24319,0.25162,0.23773,0.22997,0.24462,0.28768,0.25269,0.21864,0.19892,0.32975,0.25887,0.2039,0.28901,0.24823,0.22222,0.23577,0.25542,0.28659,0.25816,0.23386,0.22627,0.2817,0.20727,0.21455,0.28121,0.29697,0.24003,0.18999,0.27226,0.29771,0.21439,0.1909,0.29662,0.29809,0.24287,0.22259,0.24781,0.28673,0.2094,0.25385,0.24103,0.29573,0.26286,0.21333,0.24952,0.27429
ROUPO-VAVOUA--80-MURAZ-14,T.b. gambiense,T.b.gambiense,Trypanozoon,Y,Cote d'Ivoire,1,0.22984,0.25455,0.21166,0.30396,0.26442,0.22917,0.23558,0.27083,0.22899,0.23594,0.25855,0.27652,0.27904,0.20581,0.2399,0.27525,0.21992,0.2357,0.25641,0.28797,0.23426,0.225,0.2463,0.29444,0.23851,0.23348,0.27299,0.25503,0.23191,0.27261,0.24419,0.25129,0.2373,0.22997,0.24462,0.28811,0.25269,0.21864,0.19892,0.32975,0.25532,0.20567,0.28723,0.25177,0.22267,0.23489,0.25662,0.28581,0.25723,0.2344,0.22603,0.28234,0.20773,0.21377,0.28261,0.29589,0.2381,0.18963,0.27466,0.29762,0.21439,0.1909,0.29662,0.29809,0.24287,0.22259,0.24781,0.28673,0.2094,0.25385,0.24103,0.29573,0.26476,0.21333,0.24762,0.27429
RoTat_1.2,T.b.evansi,T. b. evansi type A,Trypanozoon,N,0,1,0.22987,0.25421,0.21208,0.30384,0.26442,0.22917,0.23558,0.27083,0.2283,0.23582,0.25868,0.2772,0.27904,0.20581,0.23864,0.27652,0.21992,0.2357,0.25641,0.28797,0.23426,0.225,0.24537,0.29537,0.23779,0.23348,0.27443,0.25431,0.23262,0.27225,0.24301,0.25211,0.23773,0.22997,0.24462,0.28768,0.25269,0.21864,0.19892,0.32975,0.25887,0.2039,0.28901,0.24823,0.22222,0.23577,0.25542,0.28659,0.25816,0.23386,0.22627,0.2817,0.20652,0.21498,0.28261,0.29589,0.24003,0.18999,0.27226,0.29771,0.21439,0.1909,0.29662,0.29809,0.24217,0.22241,0.24822,0.2872,0.2094,0.25385,0.24103,0.29573,0.26286,0.21333,0.24952,0.27429
Rumphi,T.b. rhodesiense,T.b.rhodesiense,Trypanozoon,Y,Malawi,1,0.22876,0.25444,0.21148,0.30532,0.26442,0.22756,0.23718,0.27083,0.22877,0.23599,0.25765,0.27759,0.2801,0.20532,0.23954,0.27503,0.21791,0.23483,0.25871,0.28856,0.23156,0.22409,0.24743,0.29692,0.23635,0.2342,0.27443,0.25503,0.23146,0.27208,0.24629,0.25016,0.2373,0.22997,0.24462,0.28811,0.25315,0.21982,0.1991,0.32793,0.25847,0.20499,0.28699,0.24955,0.22064,0.23625,0.25933,0.28377,0.25517,0.23525,0.22989,0.27969,0.20531,0.21739,0.27899,0.29831,0.23942,0.19036,0.27411,0.29611,0.21439,0.1909,0.29515,0.29956,0.24503,0.2213,0.24614,0.28753,0.2094,0.2547,0.23846,0.29744,0.26286,0.21524,0.24762,0.27429
STIB-816,T.b.evansi,T. b. evansi type A,Trypanozoon,N,China,2,0.22987,0.25421,0.21208,0.30384,0.26442,0.22917,0.23558,0.27083,0.22839,0.23591,0.25846,0.27725,0.27904,0.20581,0.23864,0.27652,0.21992,0.2357,0.25641,0.28797,0.23426,0.225,0.24537,0.29537,0.23779,0.23348,0.27371,0.25503,0.23217,0.27302,0.24319,0.25162,0.23717,0.23027,0.24493,0.28762,0.25269,0.21864,0.19892,0.32975,0.26025,0.20143,0.28877,0.24955,0.22222,0.23577,0.25542,0.28659,0.25723,0.2344,0.22679,0.28158,0.20727,0.21576,0.28121,0.29576,0.24003,0.18999,0.27226,0.29771,0.21439,0.1909,0.29662,0.29809,0.24217,0.22241,0.24822,0.2872,0.2094,0.25385,0.24103,0.29573,0.26286,0.21333,0.24952,0.27429
STIB-851,T.b. rhodesiense,T.b.rhodesiense,Trypanozoon,Y,Uganda,1,0.22925,0.25363,0.21191,0.3052,0.26437,0.22496,0.23645,0.27422,0.22908,0.23574,0.25804,0.27715,0.27904,0.20581,0.23864,0.27652,0.21992,0.2357,0.25641,0.28797,0.23491,0.2247,0.24605,0.29434,0.23563,0.23491,0.27443,0.25503,0.23102,0.2722,0.24646,0.25032,0.23748,0.23014,0.24396,0.28843,0.25474,0.21861,0.19603,0.33062,0.25709,0.2039,0.28901,0.25,0.22176,0.23493,0.25641,0.2869,0.2574,0.23462,0.22779,0.28018,0.20531,0.21618,0.2814,0.2971,0.24027,0.18951,0.27411,0.29611,0.21439,0.1909,0.29662,0.29809,0.2443,0.21981,0.2493,0.28659,0.21181,0.25434,0.23958,0.29427,0.26476,0.21333,0.24762,0.27429
STIB247,T.b.brucei,T.b.brucei,Trypanozoon,Y,0,NA,0.22958,0.25352,0.21174,0.30516,0.26437,0.22496,0.23645,0.27422,0.22879,0.23603,0.25833,0.27686,0.27883,0.20659,0.23828,0.2763,0.2209,0.23483,0.25572,0.28856,0.23315,0.22472,0.24532,0.29682,0.23644,0.23355,0.27549,0.25452,0.23197,0.27096,0.24626,0.25081,0.23735,0.23,0.24427,0.28837,0.25543,0.2183,0.19656,0.32971,0.25847,0.20499,0.28699,0.24955,0.22292,0.2334,0.25716,0.28651,0.25576,0.23502,0.22734,0.28187,0.20833,0.21569,0.27819,0.29779,0.24003,0.18999,0.27226,0.29771,0.21481,0.19259,0.29333,0.29926,0.24419,0.22038,0.24917,0.28627,0.21149,0.25413,0.24021,0.29417,0.26706,0.21053,0.24366,0.27875
STIB386,T.b.gambiense,T.b.gambiense,Trypanozoon,Y,0,NA,0.2303,0.25361,0.21166,0.30443,0.26442,0.22917,0.23558,0.27083,0.22839,0.23591,0.25846,0.27725,0.27904,0.20581,0.23864,0.27652,0.21992,0.2357,0.25641,0.28797,0.23529,0.22596,0.24276,0.29599,0.23779,0.23348,0.27371,0.25503,0.23102,0.2722,0.24517,0.25161,0.2376,0.23027,0.24407,0.28806,0.25269,0.21864,0.19892,0.32975,0.25709,0.2039,0.28901,0.25,0.22177,0.23682,0.25599,0.28542,0.25816,0.23386,0.22627,0.2817,0.20727,0.21576,0.28121,0.29576,0.24065,0.18878,0.27296,0.29762,0.21439,0.1909,0.29662,0.29809,0.24287,0.22204,0.2489,0.28618,0.2094,0.25385,0.24103,0.29573,0.2655,0.21124,0.24612,0.27713
STIB805,T.b.evansi,T. b. evansi type A,Trypanozoon,N,0,NA,0.22987,0.25421,0.21208,0.30384,0.26442,0.22917,0.23558,0.27083,0.22839,0.2362,0.25846,0.27696,0.27904,0.20581,0.23864,0.27652,0.21992,0.2357,0.25641,0.28797,0.23426,0.225,0.24537,0.29537,0.23779,0.23348,0.27443,0.25431,0.23217,0.27302,0.24319,0.25162,0.23773,0.22997,0.24462,0.28768,0.25269,0.21864,0.19892,0.32975,0.25887,0.2039,0.28901,0.24823,0.22222,0.23577,0.25542,0.28659,0.25816,0.23386,0.22627,0.2817,0.20727,0.21455,0.28121,0.29697,0.24003,0.18999,0.27226,0.29771,0.21439,0.1909,0.29662,0.29809,0.24217,0.22241,0.24822,0.2872,0.2094,0.25385,0.24103,0.29573,0.26286,0.21333,0.24952,0.27429
STIB818,T.b.evansi.type.A,T. b. evansi type A,Trypanozoon,N,China,2,0.22987,0.25421,0.21208,0.30384,0.26442,0.22917,0.23558,0.27083,0.22839,0.23591,0.25846,0.27725,0.27904,0.20581,0.23864,0.27652,0.21992,0.2357,0.25641,0.28797,0.23426,0.225,0.24537,0.29537,0.23779,0.23348,0.27443,0.25431,0.23217,0.27302,0.24319,0.25162,0.23773,0.22997,0.24462,0.28768,0.25269,0.21864,0.19892,0.32975,0.25887,0.2039,0.28901,0.24823,0.22222,0.23577,0.25542,0.28659,0.25723,0.2344,0.22679,0.28158,0.20652,0.21498,0.28261,0.29589,0.24003,0.18999,0.27226,0.29771,0.21439,0.1909,0.29662,0.29809,0.24217,0.22241,0.24822,0.2872,0.2094,0.25385,0.24103,0.29573,0.26286,0.21333,0.24952,0.27429
STIB900,T.b.rhodesiense,T.b.rhodesiense,Trypanozoon,Y,0,1,0.22876,0.25444,0.21148,0.30532,0.26442,0.22756,0.23718,0.27083,0.22877,0.23599,0.25765,0.27759,0.27904,0.20581,0.23864,0.27652,0.22189,0.23471,0.25542,0.28797,0.23426,0.225,0.24537,0.29537,0.23635,0.2342,0.27443,0.25503,0.23082,0.27144,0.24629,0.25145,0.23748,0.23014,0.24396,0.28843,0.25269,0.21953,0.19803,0.32975,0.25668,0.20499,0.28877,0.24955,0.22132,0.23557,0.26001,0.2831,0.25594,0.23218,0.22989,0.28199,0.20531,0.21739,0.27899,0.29831,0.24003,0.18914,0.27481,0.29601,0.21439,0.1909,0.29515,0.29956,0.24397,0.22149,0.24671,0.28783,0.2094,0.2547,0.23846,0.29744,0.26286,0.21524,0.24762,0.27429
SVP,T.b.evansi,T. b. evansi type A,Trypanozoon,N,0,1,0.22987,0.25421,0.21208,0.30384,0.26442,0.22917,0.23558,0.27083,0.22839,0.23591,0.25846,0.27725,0.27904,0.20581,0.23864,0.27652,0.21992,0.2357,0.25641,0.28797,0.23426,0.225,0.24537,0.29537,0.2383,0.23398,0.2743,0.25342,0.23217,0.27302,0.24319,0.25162,0.23717,0.23027,0.24493,0.28762,0.25337,0.21833,0.19946,0.32884,0.26025,0.20143,0.28877,0.24955,0.22222,0.23577,0.25542,0.28659,0.25723,0.2344,0.22679,0.28158,0.20652,0.21498,0.28261,0.29589,0.24003,0.18999,0.27226,0.29771,0.21439,0.1909,0.29662,0.29809,0.24217,0.22241,0.24822,0.2872,0.2094,0.25385,0.24103,0.29573,0.26286,0.21333,0.24952,0.27429
Te-Ap-N-D1,T.b.equiperdum,T. b. equiperdum type OVI,Trypanozoon,N,Venezuela,3,0.22876,0.25584,0.21195,0.30345,0.26409,0.22866,0.2351,0.27214,0.2279,0.23686,0.25794,0.2773,0.28137,0.20659,0.23701,0.27503,0.22387,0.23274,0.25247,0.29093,0.23502,0.22472,0.24625,0.29401,0.23707,0.23348,0.27443,0.25503,0.23166,0.27156,0.24646,0.25032,0.23773,0.22997,0.24376,0.28854,0.25157,0.21923,0.19946,0.32974,0.25709,0.2039,0.28901,0.25,0.22087,0.23645,0.25813,0.28455,0.25723,0.23516,0.22831,0.2793,0.20894,0.21256,0.28261,0.29589,0.24027,0.18866,0.2758,0.29526,0.21386,0.18879,0.29351,0.30383,0.24202,0.22002,0.24587,0.29208,0.2094,0.2547,0.23932,0.29658,0.26245,0.21264,0.25096,0.27395
EATRO_1125_AnTat_1.1_90:13,T.b.brucei,T.b.brucei,Trypanozoon,Y,Uganda,1,0.22876,0.25444,0.21195,0.30486,0.26437,0.22496,0.23645,0.27422,0.22908,0.23574,0.25804,0.27715,0.27904,0.20581,0.23864,0.27652,0.22024,0.23512,0.25694,0.2877,0.23519,0.225,0.24537,0.29444,0.23644,0.23355,0.27549,0.25452,0.23262,0.2716,0.24691,0.24886,0.23692,0.23044,0.24427,0.28837,0.25522,0.21889,0.19709,0.32879,0.25709,0.2039,0.28901,0.25,0.22222,0.23313,0.2604,0.28425,0.2574,0.23462,0.22779,0.28018,0.20711,0.21446,0.28309,0.29534,0.24188,0.18974,0.2735,0.29487,0.21439,0.1909,0.29662,0.29809,0.24419,0.22038,0.24806,0.28738,0.21149,0.25413,0.24021,0.29417,0.26286,0.21524,0.24762,0.27429
Zagora-I-17,T.b.evansi,T. b. evansi type A,Trypanozoon,N,Morocco,1,0.22987,0.25421,0.21208,0.30384,0.26442,0.22917,0.23558,0.27083,0.22839,0.23591,0.25846,0.27725,0.27904,0.20581,0.23864,0.27652,0.21992,0.2357,0.25641,0.28797,0.23426,0.225,0.24537,0.29537,0.2383,0.23398,0.2743,0.25342,0.23217,0.27302,0.24319,0.25162,0.23717,0.23027,0.24493,0.28762,0.25337,0.21833,0.19946,0.32884,0.26025,0.20143,0.28877,0.24955,0.22222,0.23577,0.25542,0.28659,0.25723,0.2344,0.22679,0.28158,0.20652,0.21498,0.28261,0.29589,0.24003,0.18999,0.27226,0.29771,0.21439,0.1909,0.29662,0.29809,0.24217,0.22241,0.24822,0.2872,0.2094,0.25385,0.24103,0.29573,0.26286,0.21333,0.24952,0.27429